How to add a Geocoding Service (For MapBox),12
Connecting to Microsoft Dynamics CRM on-premise web service with Java?,1148
Read RFID alflex tag in Android studio,6
TypeError while retriving prototype properties,30
"populate Indian Religion, Cast and sub-cast into dropdown automatically",4
CountUp Javascript Package and self.d is null,58
Cannot connect to beeline hive2,14
how to compare values of two array in javascript,12
Callback from C++ to Java using SWIG,38
What&#39;s the way to get in java a GCP managed-Instance external IP?,1268
Unable to mock Service class in Spring MVC Controller tests,60
Upload file to Amazon S3 using java fails - sun.security.validator.ValidatorException,4
Using regex to split the words in String but not symbol,12
How to handle ajax response in FLUX,14
SignalR chat not connecting to the Hub?,6
Read system details using javascript+ ActiveX Object,8
Java Dynamics CRM implementation,206
jquery toggle img click and store or remove img id from local storage when clicked,12
Insert multiple values vs Batch Update,404
Stripe.js API: Is there a way to have user save card information and use it for transfer later?,28
Android/Java Rendering Problems - Couldn&#39;t Resolve Resource / Failed to Convert into Drawable,24
Material UI React Table onCellClick not working on TableRow,14
Sorting a field where the date difference is calculated at front end,26
ajax submit stay on same page + update quantity of product in cart,14
Memory efficient way to store lot duplicates of integer &gt; 127,522
Manipulate java List&lt;Object&gt; in Jquery,8
Ember sortBy on property:desc is not the same as reverse,182
Why does comparing enums using == cause a PMD warning?,452
post to url masking the query,16
Cycle through a list of html files on button click,12
How to play .swf files in Android?,18
JQUERY + PHP POST not send a values,20
Odoo POS javascript on change,18
How does `this` work in higher order components?,16
How to open a url in webview on new screen based on button click,8
Getting user from db and appending to element,152
"HTML, Python, Brithon, javascript: - Running on Brython",16
ajax success but not post data in the another page,4
weblogic.application.ModuleException in WLS Version: 12.1.2.0.0,16
Swiper slider - weird behaviour,14
javascript/jquery add trailing slash to url (if not present),96
Java/Groovy: Create and read a list of two objects,28
send CORS post variables to a different page,16
How to make a POST request in node js app,22
org.awaitility.Awaitility.await is working only in uni-test,1268
Null check implementation with ternary operator,30
Getting the contents of iframe,10
stop Spring Scheduled execution if it hangs after some fixed time,148
Hibernate nested obeject,2
Re-ordering an object by an integer value,32
JSP gives server machine name rather than client&#39;s machine name,22
center webrtc video stream content when displaying tall video on wide screen,24
Reading encrypted pdf Metadata without decrypting the file,302
PHP - Remove Line Breaks From Textarea,20
JSP: jstl core CONDITIONS with java.lang.Byte[],16
Is there any way to print multArray in sub-program print() from createArray()?,4
Upload input on Internet Explorer 8 and Chrome has differences to implement,168
How to embed xmp xml metadata to PNG,1018
JS How to use reduce on array containing multiple numerical values,692
"findFirst() for Java streams, but for n elements?",104
PHP fly to cart effect jquery ajax / I want submit form but still the same page,14
Customization on chart.js tooltip,16
javascript templates best place to define,26
how can i create a hub object in n layer architecture,28
Angular2 Javascript &#39;Unexpected Token Export,88
Eclipse Members Sort Order vs Oracle Java Code Conventions,452
Preloading and showing images with javascript,56
Why auth.isAuthenticated() is not working in MEAN.JS?,26
How to make the favicon appear in a new window,1956
Why my @ControllerAdvice doesn&#39;t handle DataIntegrityViolationException?,20
Elasticsearch Java API : Aggregation Filter for document counts,124
In which exactly JS engines are toLowerCase() &amp; toUpperCase() locale-sensitive?,244
Error 403 Html image get,28
Format input values to hour and minute format (hh:mm),26
Glassfish 4.1 unnecessary re-deployment,12
D3:reflect data changes on visualization keeping the same array size. Trying to represent a sort algorithm visually,22
How to add some actions when page change happened in JQuery Mobile for iOS,6
Saving an image to ExtSD in android using Java?,8
Android getParentFragment() returns null in ViewPager within a Fragment,84
Using class.ForName to load ucanaccess in a maven project,62
How to set &#39;X-Frame-Options&#39; on iframe?,108
fullcalnder not calls on button click and inside any function,18
how to restore html tags that are removed by remove jquery,12
How to read object in angularjs controller?,82
Check if user decided correct,12
Stop jQuery animation from waiting on the previous animation in a script,6
Getting JS to read the selection from a HTML &lt;select&gt; form,6
react-swipeable-views not behaving as expected,40
How to detect if the object $error in an AngularJs form is empty?,28
Select2 with 2 selects in a row,118
Updating the JavaFx Gui with threads and or Tasks,808
Issue loading shared library in Java,10
Unable to render an array into table after splice and unshift in Javascript,42
Is there a way to bind OGNL with Struts2 UI tags,8
Hide all countries list in a select dropdown and show only Belgium/BE using jquery,10
JVMJ9GC020E -Xms too large for heap,16
jqgrid with an infomration panel for each column makes grid to sow scrol,234
A program made with Java 8 can be run on Java 7?,34
Populate Material UI Card Component in React Project,14
Short vs Integer memory allocation,522
How to add a request interceptor to a feign client?,20
java - to set multiple value in a map,158
How to prepend the CDN url to requirejs paths in a build script,76
"Doing MEAN tutorial, inline HTML stops working when &#39;resolve&#39; is introduced to $stateProvider state",2
Show specific output through if else statement,10
Find maximal subsequence of array with indexes,26
Canvas in Webview: how to deny to partial displaying of the canvas content during the horizontal scrolling,710
Found unsigned entry in resource,808
Apache Spark : TaskResultLost (result lost from block manager) Error On cluster,10
Add dynamically checkboxes for each item i Linear Layout that came from excel,6
Return an array with all the elements of the passed in array but the last,8
Why onCompleted is not called in this code?,136
Rotate object consisting of multiple other rotating objects,18
"Select filter doesn&#39;t work with cellTemplate, angular ui-grid",16
Fail to capture image with front camera using camera2api?,54
How to get the request Header information in Chrome console using JS snippets?,234
How to get outputstream from an S3Object?,516
No mapping found for HTTP request with URI in Restful,16
What is the best way to access the JWT from node?,62
how to find the exact location where java is installed in unix,16
Focus a tab by Javascript issue,66
Can Javascript get third-party HTTP response code from window.open?,632
How to assign a selected color in &quot;input&quot; to a variable Javascript/HTML,0
Java and mySQL why my if else statements are not working,10
Pass NULL value for java.sql.Types.ARRAY of java.sql.Types.STRUCT to Oracle using Java,40
How to plot in java using renjin,62
Speech recognition API duplicated phrases on Android,632
How does this overloading work?,12
"Three JS object load, put a color to an object",8
"how to display title, description and image for facebook share widget",4
Apply css rules on nested component in Angular2,82
jQuery not changing the image source attribute on dynamically created image,56
Return single number of divs not just their total,24
Using Redux&#39;s connect for various components,58
how to detect horizontal scroll event in angularjs?,20
JQUERY $.post to PHP page (Internal Server Error 500),20
Jackson: Can not handle managed/back reference &#39;defaultReference&#39; with nested DTOs,38
Recycler view with multiple view type dose not show multiple colors for an image view,24
Pausing a CountDownTimer whilst another one runs - Android,14
How to replace a backslash character with a semicolon?,244
How to identify the mapped/owned sides of a self-referencing one-to-one relationship in Hibernate?,452
RequireJS Optimizer hard include,76
"Iterating through a html array in order, in JavaScript",12
Responsive Smooth Scroll CSS3 Animation?,0
How to create emdedded H2 DB with spring(transactional) and hibernate in java desktop application?,10
Solr function highlight for java web app,12
GestureListener is not recognized,254
Using xuggler API to save a video on HDFS,6
Angular autofocus directive for touch devices,128
I keep getting an &quot; term cannot be resolved to a variable&quot; error in my code,0
dynamically changing video gives the play() request was interrupted by a new load request,1430
Is there a naming convention for @ComponentScan basePackageClasses?,452
Disable chrome/firefox tooltips on required field,24
jqgrid setColProp not working when data type is url,234
sub pages is not becoming active,18
Opening input type radio using addEventListener,10
Adding eraser into drawing app doesnt work,20
AngularJs force browser to clear cache,808
Correct or standard way to write non-&#39;terminating&#39; code?,38
Effective way to read file and parse each line,522
Printing barcodes with QZ-Tray,1324
delete database android sqlite,120
ERROR [ajp-bio-8009-exec-55][IncludeTag:129] Current URL /contacto generates exception: java.lang.AbstractMethodError java.lang.AbstractMethodError,4
Apache Jena does not add hasPart relationship,10
ask for about cordova device.uuid javascript?,10
Access to Java model List from Javascript/JQuery dynamically,8
Access method in controller from view,16
Javascript inject into Android web view doesn&#39;t works,12
coding bat Three Feet To Meters,0
Appropriate Java design pattern to avoid method duplication,40
pattern to create a common interface to access database in js,744
PHP - Spacing out Array Iterations,20
"If i changed html file its not updating the browser, After clearing cache also .In Angular and Nodejs application?",10
android getMenuInflater() in a fragment subclass - cannot resolve method,94
Struts 2 and Spring how struts-created objects handled,234
What is causing my app to crash in this program? - Android Studio,14
Java Reflection: Find method usage in custom AbstractProcessor,136
Hibernate expects sequence instead of table for postgres,24
Creating instance of an object globally (outside the constructor or any methods),82
Checkbox tree viewer is not displaying on composite,38
How do I connect a bootstrap modal submit button to a PUT method in Node.js?,2
What is the double-dot operator (..) in Javascript?,290
Using jsdocs how would one represent an isolate binding &#39;&amp;&#39; inside a angular component controller constructor?,444
Javascript increment number gradually by a changing amount,6
Time difference gives wrong value,12
Save String from public method,12
Android k4l-video-trimmer - When I change the progressbar to crop the video at specific duration then setMaxDuration is not working properly,38
Java Design pattern code explanation,14
Ajax post not working codeigniter,12
javaFx TableView with Multiple ComboBoxes,10
Setting the facets on AlgoliaSearchHelper after calling the setIndex to change the index,2
String formulation in Java,12
When to use $ in JS,10
CSS Position Fixed Not Working - Sticky Navigation,16
Disable pre-checked checkbox alert dialog android java,96
How to delete the rows corresponding to the selected `yes` input?,320
Why these two dates are not equal in javascript?,934
Running a dll from JavaFX application,4
More JQuery/Ajax and when/done/promise confusion,6
Angular 2 How to detect back button press using router and location.go()?,44
How to move an email service into a thread?,20
XSLT Processing with Java : passing xml content in parameter,44
Javascript Deep Clone Object with Circular References,32
How to handle errors in a repeated task using ScheduledExecutorService?,452
Weird: session variable returns null from a post controller to a jsp page,14
How to setup MySQL database tables for an Android Studio Application?,4
How to remove unicode character in tinymce formatter.toggle(),80
Add class on click to a path with leaflet js,212
java.lang.UnsupportedClassVersionError: `bad major version at offset=6` source JRE- 1.6,16
JavaME - HTTP Get - Send Values to Website,12
How to get Route Params in Angular2 rc5?,16
How to random write on http?,10
"Getting the error message &quot;Cannot set property &#39;cards&#39; of undefined&quot;, but I&#39;m not sure why",10
How to export queried data from Google Cloud Datastore to csv using Java?,22
Simple HTML modular templating method?,40
Understanding CompletableFuture::runAsync,240
Is there any way to show tess4j progress in UI (JavaFX)?,14
Get max performance for tracking.js library - face detect,30
How to show input box after checkbox is clicked [HTML],4
convert time into minute or seconds using javascript,6
MongoDB Exception while inserting Json Document,50
Check if object is array?,4486
Keep jdbc and sftp connections stable or resume service when the system is on VPN,20
"Warning: React.createElement: type should not be null , undefined, boolean, or number",4
How to get resources from Maven project,62
Focus on input fires both &#39;focus&#39; and &#39;select&#39; event,16
Glob Syntax not working for Windows PathMatcher,16
How to force vaadin use WebSockets as transport not only for push,0
Is coupling property file values with data in a database an anti-pattern?,452
Cannot read Property of undeifned Cards material ui,14
trouble in PHP returning results from MYSQL to javascript via echo,4
How to skip specific element in SimpleXML,34
What is the runtime in webpack dev server?,16
How to determine if a List is sorted in Java?,1490
Why StringBuilder does not print?,46
Code to tell whether a string is a Pangram or not?,8
How to create config properties for tinylog at runtime with User preferences,62
SQLite journal causing application to freeze on startup,72
How to create and append multiple dom elements efficiently,16
Row in alert box jquery,14
How to check if current time falls within a specific range considering also minutes,1430
hiding an html section with angularjs on right button click,10
Adding ng-repeat data to a bootstrap modal with next button,12
100% height div that gets covered by another div with fade in,56
Opening html modal dialog,1078
wrong special characters - key event javascript,30
XMP data written from commons io imaging not readable by metadata-extractor,1018
Call a Java Soap Web Service Method with object parameter from C# Client,140
Applications not shown in yarn UI when running word count example in hadoop(psudo distributed mode),4
JS touch event pendant to click,44
Stripe + React Native - How can I create Transfers to a Managed Account (error: &quot;Must provide source or customer.&quot;)?,28
How to set y tick value in c3.js?,118
Python Server-Sent Example,178
Regex YouTube IFRAME,62
How does an empty function declaration work with hoisting in javascript?,16
How Do I Set Classpath with tectia and ksh?,16
"Adding days to a given date and time; Not a duplicate, as I am not getting current date and time, but a specific date and time entered by the user",16
java ConcurrentMap get in null,16
Apache POI XSLF creating section (s),12
How do prevent Excel to put all the information in only one String in my java application?,6
Selecting the proper Java Version,18
Java open file inside a frame,0
Trying to insert values to elements generated automatically,20
Read HBase table with where clause using Spark,96
Rotation of a image and making the text to come later over the image,2
Variable value through method in a Java class,14
How to add a number of days to UTC now in JS?,1518
Getting default value of radio button upon page load using jQuery,12
Random img position always inside the viewable area,24
Put session for a struts2 action of type stream,6
Eclipse java debugging: source not found,1574
How can i make hover clickable?,12
Stripe - Adding Debit card to Managed Account: What is &quot;You must provide a card that has the &#39;currency&#39; field...&quot; error?,18
three js texture with webGL,8
Tinymce formatter.toggle() creates unicode character,80
Calling another module function as callback [ES6],16
How can I execute a method that&#39;s defined on a started service from an activity and get the result back?,22
React Native: How to make format card expiration with / using &lt;TextInput/&gt;?,18
How to link R dashboard(shiny) to HTML file written in .js? How to extract text input given to HTML to R?,2
when button get click app is crashing i&#39;m getting this error https://drive.google.com/open?id=0BzdX5EnqU2cEMXFlbC1aSGZ6TXc,2
Including JS lines in variable?,26
React Native: Android: Cannot generate signed APK,26
Change Image when mouse rollsover,2
How does printing work in Java,8
How do I add event listener to document changes in vue?,22
"Javascript, Can I dedup list of functions?",934
How perform long calculations on background thread in RXJava Android,14
How do I set the z-index of a marker in Google Maps API v3,860
JasperReports: How to break lines base on a character count,10
Calculate checksum return wrong value in android,62
Vue.js router redirect,44
How to reference Stage in controller class?,6
is there any goto command or continue command for If statement ??? JAVA,2
Change radio button value based on ajax response,26
Write EXIF data to TIFF file using Apache Commons Imaging,500
How to sort a table via complicated rules,184
EXIF orientation getting as 0 always,24
Maven dependency:list includeParents,112
Laravel - preloading images and iterating over them on click forward and back button,56
How to force rotate of the screen in web site,64
Load external div into site with JQuery,14
Extracting data from Google search results,4
"javascript, polymorphic new Myclass()?",934
$interval does not cancel promise right away,40
Modal backdrop not shown using bootstrap modal,44
jquery hide element if href is equal to,20
React Router: Failed to Navigate Route,90
want to dynamically resize columns in Vaadin table,234
VueJS Read Dom Attributes,22
Uppaal error : java.io.IOException: Server Connection lost,0
angular.js:12783 Error: Could not resolve &#39;....&#39; from state,14
Why is the Circle hidden behind the Line?,134
best way to find extra object among two lists,4
Check if variable is within an associative array in jQuery,90
Quartz does not resume jobs after restart - JDBCJobStore,26
Text box should not accept 0&#39;s using jQuery,76
How to prevent modal appearing on page load while using backdrop:&#39;static&#39;,2
Javascript modal to replace prompt?,296
Having trouble implementing audio,6
Debugging deserialization of objects,254
How to create a dynamic proxy using ByteBuddy,172
How to replace anchor element with the innerHTML of itself,466
Unable to do reindex in DSE SOLR,6
Change loop variable,12
ViewRootImpl: ViewPostImeInputStage processPointer 0 on OnItemClick of Listview in android,32
Deep copy and returning an instance Java,14
Xamarin - .aar Java Binding - The name &#39;[method name]&#39; does not exist in the current context,184
How to add javascript library in Drupal 8 theme?,16
Calling the Same method Multiple Times using different Tasks Java,20
How to make use of javascript built in arguments properly?,48
How to add three different class in multiple div using jQuery?,16
Matching Regular Expression for URLS in JavaScript Produces null,116
How to pass data to a child component?,192
Javascript - detecting scroll attempt when window.pageYOffset is already 0,14
How do you test speed of sorting algorithm?,542
How to reload a @Value property from application.properties in Spring?,1376
how to remove data id wise instead of position using database in android,14
How does MapReduce recover from errors if failure happens in an intermediate stage,542
cannot find symbol IO in java,14
How to reverse date format yyyy-mm-dd using javascript/jquery?,96
openlayer3 zoom using javascript console?,4
React Flux Uncaught TypeError: _LocalityStore2.default.setSelectedLocality is not a function,30
"In binarysearch, if the element isn&#39;t found, why is the convention to subtract one from where it should do?",542
Regular expression to match escaped sequences in java,8
Connect MS Dynamics CRM 2011 from java,134
split string using parameter error?,24
Handling a form with Spring MVC without using the Spring &lt;form:form&gt; tag?[Solved],10
Spring: Setting BeanFactory in BeanFactoryPostProcessor,80
Invoke the doGet Servlet method from java class,14
JS &amp; Titanium performance/memory best practices,24
Oracle socket read time out error in Spring boot application,28
how know the process speed of task in Hadoop in each time,4
How to pass php variable into ajax URL with Laravel4.2 framework,8
Importing code style formatting settings into eclipse from intellij-idea,8
Dynamically Colouring graphic in Angular2,92
Angular: HTML decoding and encoding in controller,154
Get key and value of object in JavaScript?,222
How to create Recursion on the given function?,8
Typescript Modules Into Single JS file?,44
If clause with dropbox,2
Click function afterLoad in fancybox 2,54
Javascript function not getting called from Xamarin web view when min android version set to 19,72
Java how does child class use the variables which is in some function() of parent class?,6
Best practice for handling onError and continuing processing,52
Color a particular row in datatable depending on its cell content,22
How to implement a fixed rate poller with ScheduledExecutorService?,452
Why does the java accepts integer with a &#39;+&#39; sign and how to not accept integer input with a &#39;+&#39; sign,16
About Recursion for Newbies in Java,2
Strange &quot;java.lang.NoClassDefFoundError&quot; in Eclipse,424
How to implement multiple JSR-303 validation messages for the same @Constraint?,452
Poll for all threads to return expected result using java8,1268
jquery function works correctly only on first click,20
Android DatePicker setOnClickListener,14
How to enable select all checkbox to work for &lt;Table&gt;?,18
does autocomplete works on multiple files,16
good way to do countdown timer in online exam,14
Meteor Server Change Reactive Var value,20
tags in JS and css counter increment,14
Marking test methods with @Test(dependsOnMethods=..) testNG annotation make them not to execute,12
heroku is not able to process web socket,24
angularjs directive how can I remove currency,820
Mapping Json to cards,14
&quot;There are no input files to process.&quot; error while parsing with jsdoc,2
WebSocket convertAndSendToUser can not recieved message,134
How to break out of an if statement mid way | java,14
How To Use Web Sockets With Shared WebWorkers?,80
Using CORs to post to a different server,16
Dynamically update directive data,16
Getting all items of one group from WebStorage,42
GCM Timeout &amp; Connection Refused after 5000 push notifications sent,6
copy text to clipboard fails from ajax request,6
Underscore.js - How to sortby a nested array of objects,76
Java deserialization how to ignore property,72
Passing BufferedInputStream to a method that accepts InputStream,516
AngularJs variable scope outisde function,12
Strange error in Javascript?,8
Change the color of one svg element from html img tag - css,92
Upload image in Blobstore from android?,14
"Firebase register once, login on different apps",24
FileNotFoundException: /storage/emulated/0/JsonParseTutorialCache: open failed: ENOENT (No such file or directory),16
How to add validation that will allow new lines in Umbraco,6
New packages installed through Node.JS not working: &#39;You may need appropriate loader to handle this file type&#39; &amp; others&#39;,58
window.location.href isn&#39;t working,20
Filtering a non integer in a list of strings,16
HTML DIV Set axis to bottom for children elements,44
How to convert FTPFile into File(java.io.File) using Java,6
how does &quot;new&quot; work with classes in javascript?,16
What does a high self-time in &quot;java.lang.Thread.run&quot; in a HotSpot view signify?,106
Score not adding up correctly in program - Java (Android Studio),14
creating a circle with webgl with mouse clicks,10
How to match an unknown number of opening/closing bracket pairs? (Recursive regex?),452
SOAPConnection memoryleak,4
how to remove something when a :before is clicked?,20
Slidetoggle not working properly when within LI,54
jQuery: cannot add g-recaptcha div tag,170
Eclipse Node Debugger require() exception,36
Strange translation of jOOQ query for array contains function,28
handle dojo EdgeToEdgeStoreList event,26
why my dropdwon adding a blank space angularjs,14
Validating date with current date using jquery,76
Why does JavaScript string.split(/[ -_]+/) act as if quotes (&#39; and &quot;) are included in the [group]?,14
JIRA Active object Exception,8
Making Java Servlet Thread safe,14
How do I save an image file to a directory using an Outputstream?,8
Anyone can help me how can i use jquery-formBuilder plugin in meteor react app,22
Enable usage of TLS 1.2 in soapUI Pro,352
socket io starts posting things twice after a while on my primitive chatroom,6
Firebase custom password reset link not working,22
Grouping first and last value in array (Consecutive values are group with first and last element),26
javascript alert somehting I am having trouble with,4
Android get all music and genres without nested Cursors. (MediaStore.Audio...),84
Fragment implementing AsyncTask and GridView in android,16
ant uppercase vs lowercase characters in path,92
SelectOutput malfunctioning,22
Retrofit MYSQL - map Bit into boolean,16
Unneeded verticle overhead and undeploy,522
Regular Expression (case insensitive) on a Variable in an If - JS/Angular,50
Node.js - Why json is undefined?,58
how can solve a algorithm about counter unbalance and overlaps method?,4
Microsoft CRM Java,22
Share Code Formatter Settings With Everybody,60
"jQuery $(document).on( eventName, selector, function(){} ) not working",56
Why are findItemsAdvanced (eBay finding API) JSON result elements all arrays?,452
How to change the style with infowindow in google map,28
Getting &quot;We did not find this address :(&quot; error each time visit on user profile,52
Serializing an ES6 class object as JSON,934
On clicking on the right arrow left should be 0px. Below is the code I tried. Is this correct?,12
Is @Autowired annotation handled by BeanPostProcessor in Spring?,80
jQuery popup box not closing,20
JSON returning [object Object] angularjs,24
Calling A Java Web Service(SOAP) through SSIS script Task,140
Using Websites inside a jar in with WebView JavaFX,12
Weird behaviors when using mobile browsers,26
Merging Lists with a PushbackIterator?,10
Port number used by spring boot application,12
Alternatives to JavaScript,1870
Reversing animation movement,10
Using Django rendered lists in Javascript on the rendered html page,28
How to access the field of a foreign table in Laravel 5?,16
Calling any method of the wsdl ends Connection refused,14
RequireJS set CDN active globally,76
Regex to validate only 0 value. Single 0 value to be validated,0
Pagination by record,10
Angular 2 json prettify print filter .replace error,60
pure JavaScript equivalent to jQuery&#39;s $.ready() how to call a function when the page/dom is ready for it,1050
how to navigate through complex JSON dynamically in JavaScript,60
How to parse scope name in interpolate?,8
Access very first tag (xml tag) of a svg file with java,16
Keep and show JavaFx App&#39;s uptime without using date,14
jQuery Ajax Post - Unable to set global variable using callback function?,76
Best way to get access to methods in other classes,2
Token invalid - Invalid token: Cannot parse referred token string: Invalid gaia_data.AuthSubToken proto on base64 token,4
How to nest Scene and navigate with direction=&#39;vertical&#39; in React Native Router Flux?,18
ClassCastException when casting looked-up EJB view in AS7,92
How to iterate the json array,22
Adding ng-mouseover on a image from json file,12
GraphStream: a more thorough tutorial introduction?,10
Post &quot;url-from&#39; in a form,44
Can CDI managed beans and JSF managed beans talk to each other?,432
Alert is not get called in the onSubmit method,228
Finding an element in a dynamic string using jquery,40
How to change div elements&#39; css inside iframe,170
how to apply array to view,12
Damage ordering with numeric key and wording key in object at the same time,104
Parent tag has no default property warning in FXML file?,632
How to display div inside another div like table with some row and column dynamically?,64
How to use DataTables in case of dynamic rows?,22
Neo4j Error: Error starting org.neo4j.kernel.impl.factory.CommunityFacadeFactory,28
Is it possible to scroll ScrollPane programmatically to given position?,632
How to modify inner HTML with jquery without div Id,54
Web Service Authentication to Online Federated Dynamics CRM 2013 from Java,46
Converting String currency,28
Throttling Outgoing HTTP requests,50
Unit test context configuration spring,18
Tomcat doesn&#39;t work on specific directory,4
replace OR prepend values through jquery,82
RxJava wait for boolean(condition),48
use jQuery.matchHeight from Angular directive,12
How to create a Plugin in Java for Intellij,2
Cache data from HTTP request in RxJava,136
how to get value of default checked checkbox in alert dialog android java,96
Hiding a &lt;div&gt; onload and display on click event not working correctly,22
How do I retrieve the element of an array as an object property,8
Is it a way to chaining chai.js&#39;s expects in nightwatch,210
How to Show Final Result in a Main Textbox Value,22
Button onclicked class changed but only the first click working,30
how to make a method to prompt user for the maximum number of things a robot can pick,4
Avoiding to show the html angular tags when loading AngularJS app,6
What is the limit of hibernate in clause,26
Select default option in select box - AngularJs,100
Why SessionMap is not instantiated?,126
JVM Tuning - Fast Filling Young Generation &amp; Total Heap Usage,44
"Javascript Error on page, because of loaded jQuery",48
How to render component from another js page reactjs?,24
How to find Popup state and refresh state in React-router?,12
"For dynamically changing elements, which locator has a higher cross-browser reliability rate and why: cssSelector or Xpath?",12
spring copy stream from request entity to http response,4
How to change body in OkHttp Response?,162
nightmarejs retry when I have request error,18
How to map json to object using spring boot,20
Arrange Words in descending order of their length,6
string processing regex,14
Convert blob to base64,1324
How to avoid changing the BLOB size?,44
Save pages&#39; data in JavaFX Pagination,14
Remove duplicate objects from a ArrayList in Android,756
How to read array object in angularjs,82
Read URL/Folder Path in .properties,16
Navigator.geolocation not working online,20
What is the equivalent of factory-method=&quot;aspectOf&quot; for a @Bean?,452
How to catch the exception in such a scenario?,20
Retrieve MongoDB result outside callback function scope,20
How to get dropdown value(Range of array count)?,42
Array of objects in JavaFX,2
Why the text from text-views disappears when I switch to another layout in android?,20
Using jquery method in vue?,84
Get complete error message from oracle SQL 9,16
Huge number of files generated for every AngularJS 2 project,374
What happen with the unreferenced objects when a object changes their reference?,46
How to populate test data before @PostConstuct?,452
URI Schema: Infinite command prompts are opening,38
Chrome Extension - No base href set. Please provide a value for the APP_BASE_HREF,104
How to read the external html file as a DOM tree?,320
Show the graph dynamically when properties change javascript amcharts,10
Javascript with ASP.NET MVC,8
How to put object in ThreadLocal in Struts 2?,272
Accessing jQuery Variable on form,26
Using PagedList in Sharepoint 2016,8
Access scope controller variable in Directive angular,24
Persist members of an object that an entity &quot;has&quot; rather than the object itself,66
Make a post request to logout,228
JAXB unmarshaller with custom interceptor?,1376
"Resetting all vars for d3 force directed graph, javascript, svg",10
queue.js pass data from local variable not from external file,12
Is it possible to temporarily disable cascading for a Hibernate entity?,452
How to catch all checked exceptions (in a single block) in Java?,452
How to prevent autofill on datefield in ExtJS?,18
How can I disable $logProvider?,14
Trying to parse JSON data using GSON in android: Expected BEGIN_ARRAY but was BEGIN_OBJECT,14
org.awaitility.Awaitility.await() is never triggered,1268
Preventing refresh or reloading after form submit,66
"How can I remove those html elements, while retain the formatting?",34
Vert.x way of launching an app and config file,522
Accessing the Device Camera with getUserMedia,16
Not showing client welcome message in socket.io / node.js,6
Implementing check all functionality using jquery and storing all values in array,12
Binding component state conditionally,38
DOMException: Failed to load because no supported source was found,24
How to bring a legend down without getting overlapped by the bar for a composite chart?,22
"Setting PhantomJS timeout using as Selenium Webdriver (Cucumber, Arquilian and Graphenen)",32
Determine the position of the view port scroll bar,112
Set a flag in ckeditor liferay,20
Can not get id from JSON by QueryParamqq,16
NoSuchElementException thrown eventhough webdriver found and clicked the element,12
"Delete ,then Insert Data on table without closing program and run it again",6
Discover Socks 5 ByteStream XMPP,16
Multiple directives asking for template,808
how to lock a folder in sftp server,2
what is the ... syntax in typescript,158
SpelEvaluationException Method cannot be found,6
Injecting Mockito Mock objects using Spring JavaConfig and @Autowired,100
Ignore unit test: cannot find Symbol,52
"My jest/enzyme snapshot test passes locally, but fails on my CI",32
"Rails 5, Gmaps4Rails - setup",156
Convert string with more than 20 digits to a number using Java,52
which part is result part,2
What happened to JEP 145 (faster jvm startup due to compiled code reusage)?,554
Href in Wordpress 4.1.6 and jQuery &gt; 2.0.0 not working,16
Chaining async functions?,428
SSL Handshake failure with Java version &quot;1.7.0_79&quot;,342
Returning contents from an Array,14
refreshing certain data after action,20
JavaFX ScrollPane how set transparent background,2
Point free debugging,82
Bootstrap chat desktop and mobile,12
expiration in com.google.common.collect.MapMaker,16
"Angular Js currency, symbol euro after",20
angellist api access - sign up for an api,12
Select properties based on name and fetch the value,342
Neo4J : Exception in thread &quot;main&quot; java.lang.RuntimeException: Error starting org.neo4j.kernel.EmbeddedGraphDatabase,28
Suppress &quot;localhost wants to access connected printers Untrusted Website&quot; when accessing Printers - QZ-tray,1324
Angular translate doesn&#39;t work accentuation,24
How do I call into correct store &#39;collection&#39; with ngrx-store?,58
Just how to recode this Java Code Snippet?,56
Parse.Query to exclude items where key&#39;s value is between two numbers?,68
Iterate through a Vector in java,62
Partial rendering of HTML server side instead of client side,428
Phonegap iOS 10 input type &quot;date&quot; not able to show value,10
Eclipse(Java) anad memory Ram,4
Lowercase all letters in a string except the first letter and capitalize first letter of string ? -javascript,40
Cvv number box with javascript,8
How do I get JUnit XML output from Jest?,320
"In Spark, is it possible to share data between two executors?",542
AvoidStaticFields rule for SonarQube?,156
Textview set text when Card is tapped,2
Parse XLSX with Node and create json,444
javascript tabs as I click,14
GetElementByTagName does not work on Sharepoint 2013 after update,10
Dynamic size of a modal in bootstrap,32
What method can give me coordinates for a pointer touch?,8
javascript change height based on element&#39;s height,20
Checking g-select mapping properties,2
ExecutorService doesn&#39;t shut down from contextDestroyed() when stopping Tomcat,78
Iterating for loop for set number of iterations each time it is called until the end of an array,56
Printing the first N prime numbers,22
Inheriting constructor properties/methods using prototype,24
Unexpected token &lt; Uncaught Syntax Error?,26
Efficient way to if else statement with hundreds of blocks,10
JavaScript: typeof fooVariable !== &#39;undefined&#39; vs fooVariable,62
Cytoscape.js not displaying?,10
Monitor progress of burn using IMAPI 2.0 and pass updates to Java,4
Parent name extraction based on child value in JSON object.,28
How to deserialize this JSON in c#?,4
How to use the filesystem with cordova,14
Android: Get all Facebook images using Picasso and RequestHandler,24
Responsive voice jquery plugin not working inside loop,4
javascript image does not show,16
"Dispatched action with Redux not working, getting uncaught typeError, saying it&#39;s not a function",58
Why does Class.getSuperclass() return an Object?,452
Alternative way of doing if else,18
Can i get os and uniquely id using javascript?,10
I can&#39;t get the native library loaded from extern,126
Using Swagger-annotation to represent a complex property as a String,40
Undefined value in promise,8
Vue.js browserify Cannot find module,44
What is the better way to structure a large redux project?,58
Is any class object serializable in javascript?,934
how to get lat long from google map api,10
Owlcarousel 2 dynamically loaded content,18
Laravel + vue.js file upload put,44
Get active slide and highlight the corresponding number in the counter,24
Javascript innerHTML with session PHP from other page,14
Send and collection of data from one server to another,16
AngularJS iterating through a multi-layered array with ng-repeat,62
Object turns into number when passed as argument,30
Javascript: first letter of a string in array does not assigned new value. Why?,8
How can I add extra information when adding bank account using stripe?,30
How can I use a custom runner when using categories in Junit?,1404
interate through nested json file using ng-repeat not working,12
Using google map to search near places,8
Angularjs model not updating inside nested ng-repeat,2
Table row doesn&#39;t show that it is selected (checkbox getting checked) even if it actually get&#39;s selected,14
How to place an object at the top of the screen in fabric js even at zoom in or zoom out?,72
not print Arraylist,24
How can I stop event bubbling for nested components dispatching a redux action?,58
resizable attribute of jquery is not working,12
How to capture any keypress event in Vuejs without using input element,22
JAVA go trough the list without specifying class name,2
Gulp babel &amp; uglify not working together,24
how to get date and month column using object model database in android,18
NoSuchMethodError (checkState) in CacheBuilder,16
How can i update data from one document to another document automatically in node.js with express.js?,26
How to move a css button?,22
Required Drop Down Box in html5 form,54
Ways to extend Array object in javascript,58
repeats array in json/angularjs,24
"Implementing custom Subject&lt;T, E&gt; in RxJava",136
CountDownLatch not freeing thread,40
How to build JSON programmatically in Angular 2,60
How to manipulate image metadata in icafe,516
&quot;spark.memory.fraction&quot; seems to have no effect,542
Spring Boot Security CORS,34
JBOSS EAP 6 blocked to call ejb method after asynchronous method,44
jQuery - element.on click for match cases,36
"JavaScript library component that can export HTML canvas to pdf, png and docx",0
Memory analyse with WebSphere Liberty on linux,10
Cannot get the cookie in angular even using $cookies,6
Durandal child views not adding to history and being ignored when using the browser&#39;s back button,752
Node not using local timezone on Debian Jenny,38
How to log as much information as possible for a Java Exception?,452
I&#39;m facing issue to find element in the new window after performing a switchTo(new Handle) in IE Webdriver,2
Ionic window.open not working on iOS,14
How to use a variable in the parameters of an element?,192
adding object array items from main method,14
How to import the list of value from table to string line,2
Unable to get callback function to the very first caller,48
nodejs Error: listen EADDRINUSE,484
Install custom JAX-RS JSON de-/serialization in Wildfly,108
How to uncheck all checkboxes belonging to the same class on change in a drop down?,16
Stripe Connect: What&#39;s the difference between Customers and Accounts in React Native?,18
Custom map pins are not displaying only when zoom in appears,0
How to set a responsive chart.js chart to not fill screen?,92
How to handle additional cases in subclass constructor?,18
Are there any naming conventions for command line arguments?,452
Put checkboxes with TextViews,6
set ProxyAuthorizationPolicy for CXF httpConduit doesn&#39;t work,10
I am trying to get data from Rx pin to my Android Application but getting error at CommPortIdentifier.getPortIdentifier(portName),0
How to a return business object from factory using http get in angularjs,2
using replaceWith in jquery input textbox to select dropdown,10
side pop out div conflict with sticky scroll,16
How do I only update one value of my reducer in Redux?,102
"CompletableFuture, thenCompose method",240
Event is not firing on button located in a table in an iframe (no jQuery),4
"When mutiple MapReduce jobs are chained, is the output of each written to the HDFS?",542
I need to develop an application for scraping web pages,2
RequestFactory Nullpointer Exception with EntityProxy,100
javascript make a new class,8
Error -Could not create the Java virtual machine via unix file,16
Getting broken pipe error in the following program,8
How to check if a boolean value is true from a list of values,38
How to add back placeholder after value is emptied?,48
Get a random result from two sub arrays in Javascript,14
Writing a custom jquery drop plugin for drag and drop,6
fromCodePoint function causes browsers to crash/hang,860
Javafx - Draw flowchart,4
Fade in hidden element from bottom to top,56
Understanding loops performance in jvm,240
Get elements properties(height/width) without using Directives in AngularJS,16
b:dataTable select a single row (and only a single one),10
How do I assign the value in a key value to the object key that contains it?,8
Creating dynamic arrays in Angular2,92
Solr : How to Index a field in document as json field?,74
JSP: Display Loading Image While Page Loads,16
Use html link to open javascript modal,10
Not able to make regex alphanumeric,8
Fail unit testing (Karma) on Webpack build by using non-Angular or HTML elements,108
dojox/mobile/EdgeToEdgeStoreList deselectAll() doesn&#39;t work,26
accessing nested json in angular and display in php,12
onProgressUpdate is not being called android,96
Vue.js vue-html5-editor,44
Is POJO anti Object Orientation (OO)?,36
"how to empty array, if use same function",22
how to create android linearlayout with RTL horizontal orientation,1268
How to call method with parameters inside OnClick,4
Has apple released APIs for touch bar yet?,110
Unable to scroll to bottom of div,48
How to remove â†µ character from JS string,12
Cannot import javascript file in Gulpfile,38
writeTo PipedOutputStream just hangs,1018
document.getElementById(&quot;#id&quot;) does not work but $ selector works,68
Can not fill data from Adapter to GridView in Fragment,16
What is the correct way to initialize fields in Struts2?,32
"Use java regex to find all strings that start with &#39;@&#39; and end with &#39; &#39; , and not include &#39; &#39; and &#39;@&#39;",32
Looping through Nested array,194
Object Arrays Error cannot find symbol,14
sikuli is not finding image files,12
Jquery .on(&#39;click&#39;) not doing what&#39;s expected,12
Does webpack include more than it should,242
How to minimize a JQuery UI Portlet by default,432
D3.js update with transition,10
Error 403 : USer Rate Limit Exceeded,12
How to remove array values from an object,8
How to stop backslashes being escaped when filtering with maven-resources-plugin?,452
Workflow info from Oozie through Java API call,2
dojo onClick() event and javascript scope,26
Range error when loading coordinates,30
jquery submit is not working from $.post callback,20
What is React&#39;s createClass&#39;s parameter look like exactly? Is it an object?,16
vaadin touchkit example application -- no ivy.xml,234
"Classify hex grids with Turf, Leaflet",12
Can &#39;this&#39; be passed into ScheduledExecutorService.scheduleWithFixedDelay()?,452
spinner selected item to open new array list using database android,18
Post data to another php page using ajax,8
"How to set size, position, and color, of one RadialGradient, or set XferMode on GradientDrawable",6
What sort of statements are legal in a Java &#39;for loop&#39; incrementer?,452
SSO session and server side http request,80
Google Map InfoWindow for multiple not showing anything,26
How to get ESLint to work React + Babel in Sublime Text 3 editor?,28
Accurate drop for draggable element on scaled div,194
How to count the number of radio button groups (by name attribute)?,320
"Why am I getting a null value? (HIBERNATE, SPRING)",6
Hibernate and Spring-boot too many database connection and high server load on 150 requests/second,28
Remove tooltip from charts.js,44
how to take text_field value in a variable in rails,12
Java: use split() with multiple delimiters,1580
mxgraph custom vertex as image,60
Solution cross-domain cookie authentication withCredentials,8
Javascript concatenating string and variable to create url - but doesn&#39;t output &quot;/&quot; slashes,90
failed to load the page,12
jQuery - on click scrollTop doesn&#39;t work,14
Display the generated equation,12
How to pass id instead of position using recyclerView in android,18
How to push event at the same time I create an object/array?,26
Netbeans change package folder dir to relative,16
Checking a radio button in Protractor + AngularJS,150
how to set date and month wise notification list using database in android,18
Android Studio: Cannot import Bitmap?,8
how to make discontinuous line graph in amcharts javascript,10
html 5 mode remove hash in angularjs+nodejs,10
Understand Set http protocols in JAVA,46
How to add Class name to Angular2 directive,82
Search a string but ignore tag,390
How to highlight a day which has an event in FullCalendar.js v.1.5?,8
Button onClick does not working in reactjs,24
JPA: Select any row by distinct column,36
How to set jdbc connection lifetime and timeout?,20
Modal Dialog without jQuery,110
What is the correct META-INF directory location for context.xml in Tomcat?,452
How to calculate BigDecimal,1122
How to collect all instances in one list using java 8 streams,798
dojo parser and registry issue,26
Sending a String via Serial COMM,12
eliminate &quot;Complete Action using&quot; in Droidgap loadurl(),0
Rewrite float into BigDecimal,1122
Is there any IEEE 754 standard implementations for Java floating point primitives?,34
Dependency order between multiple avro schema files,56
Error creating bean with name Spring,6
Vue.js show white space (line breaks),44
How to change the legends from vertical view to horizontal view?,22
When cursor is idle and moved pulse effect,8
SVG paths stays after moving with javascript,30
Java String to replace a word from a String,4
"javascript, jQuery: How to re-listen for click events",10
Safari mixes up characters sent via XMLHttpRequest,4
Calling a function in a .js file from a .html file,32
Odoo website implementation,34
"Jna, Pointer already mapped to Proxy interface",126
Javascript - Adding Class and Style Prescience,20
Android: Is there any Android service that can execute when the app is closed and also acts like a bound service(constant interaction),22
How to wait until an element is present in Selenium?,452
Java waitable object container,28
Best practice for a Java method returning multiple values?,452
Light Gallery Plugin not working properly with Facebook,934
Compass Heading calculation with bearing and device orientation,40
Change an elements height dynamically with jQuery,20
Nodejs install adonis-framework get error,32
Pass file to asp.net contoller using angular,10
Promisses issue validating a user using password.js,20
Fuzzy match text inside elements to a time string,12
Passing class instance in the void method,36
dojo onAfterTransitionIn fires immediately,26
ng-model inside $ionicPopup templateUrl is not working with scope,60
Lodash - method which return non-share elements from two arrays,22
How to show absolute element inside the overflow hidden parent element,4
Angularjs converting json data to &quot;[object Object]&quot;,22
How rotate image taken from camera or gallery.?,24
How to get values of multiple textfields with same name in extjs2,84
"Leaflet time-slider &#39;options&#39; (datetime) not defined, working with layer-groups",12
How can I check if an element exists in Set of items?,1404
Trace client IP by which page is getting loaded using JSP/Servlets,22
Java - YouTube API - setPublishAt on video leads to &quot;400 Bad Request - invalidVideoMetadata&quot;,10
ORM modeling: Database first vs classes first,452
How to pass an object from front-end to Struts2?,232
Session in jquery,14
How to properly reading and drawing a parametric equations in code using BabylonJS?,444
java.sql.SQLException:[MicroSoft][Pilote ODBC Microsoft Acces]D&#233;finition de l&#39;attribut impossible a ce stage,6
How can I create user bank account using stripe?,30
Android How to send a Bundle to another Activity?,6
HTML Save as PDF 2 Pages,14
Using &#39;top&#39; object in Struts 2.5,234
Keep the values only from the Promises that resolve and ignore the rejected,288
Struts2 validators with xml configuration doesn&#39;t work,4
Hibernate not creating foreign key constraint on MySQL,234
Play framework: return a CompletableFuture&lt;CompletableFuture&lt;Result&gt;&gt;?,232
How to change property content in array?,450
Which is the best NIO based Client Server Framework available for high performance and reliability?,4
Pop-up blocker when to re-check,18
How to get array keys in Javascript?,1452
dojox: how to pass an object between Views,26
How create a 50hz square wave on android and play it,20
JQuery function fn() is not defined,68
without adding height to header can we fix the layout,18
jquery mapify the selection of multiple elements,4
How go to next tabindex when Enter key pressed in asp.net?,10
Monkey patch in Javascript?,632
Javascript does not write innerHTML of element but flashes result?,8
How to read parsed JSON from text in angular view,82
Call class function inside a closure React native,18
Set String to clickable URL,12
Test with anotation @DataJpaTest - EmbeddedDatabaseType is required,42
Why Rich file manager insert filemanager.config.json instead of insert image to text field,70
data is display when page refresh,14
Datatables / TableTools: format data as text when exporting to Excel,494
Debugging with chrome with es6,120
Default value for parameters in state.go angularjs,82
"I want to print success when user enter country name that exists in database and last letter of last country equals first letter of next country,",2
Multi threading on a method with synchronized keyword,20
How to map values from json in angularjs and loop the object,12
java streaming parent and children into one list,64
Can I output string at the end of Gulp pipeline instead of file?,74
Test if data will be stored into database,8
Toggling click handlers in Javascript,210
Div move after click on another div using angular js,82
how to get text_field value in a variable before submit form in rails,12
request.getRemoteAddr() gives127.0.0.1 always,22
Assign javascript variable to php variable and post it on another page,8
Display detailed info (may be in a popup window) as I click a name in a leaderboard,14
"How to approach creating a SlickGrid with AJAX, calculated fields, sortable columns, paste etc?",452
"jcifs-krb5: &quot;Server not found in Kerberos database&quot;, then it works",10
window.close(); in laravel controller,96
Groovy/OpenFeign: Automatically encode request body object into JSON,28
Use of _id for document identifier in elastic search,16
Why is react-native-image-picker&#39;s showImagePicker undefined in React Native?,28
How to keep Javascript custom dropdown/popover and similar interactions open while styling it?,4466
"Meteor / React, Pass State through CreateContainer and child component?",36
change on the javascript function is not being reflected in the browser,688
json not working in Angular,6
Why isn&#39;t document.execCommand causing the clipboard to populate?,912
Java moving last array element into first,4
transfer session from one jsp page to another using javasccript,14
Open link on a new tab on click of button,2
d3 v4 - zoom with buttons in conflicts with zoom behaviour,606
class.getClassLoader() returns null when run in integrationTest,1268
How can I index a specific word in a String in Java?,10
Save cookies of external sites in an iframe,1094
How do I display a photo from google place photo api in html using javascript?,6
Token generated using JWTSigner.sign() saying invalid signature in jwt.io debugger,6
maven - Unsupported major.minor version 52.0 (in an SDK class),54
Highcharts NG show only one point at a time. Animations,12
Javascript not working to validate a form in HTML,2
Function synchronized vs synchronized(this),336
Should a worker method generally be placed above or below the methods that call it?,452
Angular ng-repeat is crashing the browsers for my emoji&#39;s - Angular 1.x,860
get img attribute with jquery,20
"I want to find all words using java regex, that starts with &quot;#&quot; and ends with space or &quot;.&quot;",16
Jquery responsive-voice plugin in a queue.,4
how to add tooltip for selectItems tag in JSF,6
Nodejs: Dealing with Multiple Promise callbacks (Callback hell),46
fnGetPosition is not a function-datatables,22
Button in AlertDialog not appearing - Android Studio,14
ASP.NET MVC: Output format of jQuery UI Autocomplete (display value label key pairs),14
How do I sort items in content assist java editor so that templates appear first?,12
How can I modify the colors of pixels in a Texture?,64
How can I emit more values after emit an error?,136
How to find the 5 most occoring words in an ArrayList,4
extended Euclidean algorithm for calculating the GCD,8
Set the text of a Textview from a returned String array,8
Binding a field state (disabled or hidden) according to different selected values in a combobox,38
XML validation with xsd as Source,10
Is it acceptable to encapsulate each js file with an IIFE?,78
call dynamic data with ng-option in dropdownlist angularjs,14
Using mediaquery in javascript,44
Android studio strange warning,14
printing a variable into a div,6
dojo mobile: how to understand errors,26
Working out dat.gui for first time,10
How to calculate amount by javascript?,8
Cordova bootstrap search,56
ReferenceError: e is not defined in React app,10
How do I send audio file from android device to Bluemix device,2
Escaping regex in capture group,16
Can I invoke POJO method asynchronously in java ee 7 without using EJB?,10
Unable to use the captcha service by IBM WebSphere,0
Scrollable Attributes Grid Container - extJS,14
Set one of the attribute become an URL (hyperlink),12
find the first instance of the shortest element in array,8
JavaScript Promise - how to make multiple promise?,2160
Zurb foundation - how to make off canvas menu smooth,14
CSS background color in JavaScript,1414
SignalR proxy is undefined,28
multer is not working in my app,16
Hide a video and listen its audio,40
How do I make a call OK HttpRequest post from an isolated class using async?,22
How To develop paytm login page text box placeholder effect?,2
PHP POST Array from window-modal,20
Fixing my Tab in wordpress,4
AngularJS contenteditable blur on Enter,152
quill.js integration with laravel 5.3 forum site,8
Is there a Checkstyle/PMD rule &quot;Non-abstract classes should not be named AbstractXXX&quot;?,452
MySQL No operations allowed after statement closed,16
How to make an SSL connection to MySQL using MariaDB Connector/J?,452
Why componens from JInternalFrame won&#39;t show properly?,36
How to get diff between branch HEAD and branch start with JGit?,28
Fix time to notification not working in android,14
Nodejs only can send message to owner message sender(RESOLVED),32
Uncaught (in promise) TypeError: Cannot read property &#39;setState&#39; of undefined,12
How to get the child object from the parent in java?,8
How to find indices of groups in JavaScript regular expressions match?,62
Chart.js render two charts on one page.,18
foreign_keys = ON in hibernate.cfg.xml file,336
How to get access the div element referred to by a jquery dialog?,46
Error: [$compile:tplrt] Template for directive &#39;footer&#39; must have exactly one root element,24
Typescript &#39;is not a module&#39; error,88
Can Mockito capture arguments of a method called multiple times?,1490
How to get objects referenced by a program unit in JDAPI 11g Java Library?,2
Avoiding instanceof in Java,220
I want to use PHP to create SVG files that animate through a fixed set of points,30
How to turn off auto commit and give explicit commit usign @transactional,12
Append multiple divs at particular positions in a grid in jQuery,90
How to open a popup on click of a div,26
How to retrieve web application root path in Java,4
How can I select current event class name?,30
Enumerate properties on TypeScript Object,92
ng-init with condition statements,74
ng-change not working angularjs,14
Does this specific exercise lend itself well to a &#39;functional style&#39; design pattern?,8
How to cancel jQuery effect by clicking anywhere?,240
What is Spring transaction isolation level if there is no @Transactional annotation on a function,28
JS Parsley validate only some fields in form,14
Limit response from API call,10
Passing variable from Laravel to Javascript and return on click,8
How to get the indices of a capturing group in a regular expression in JavaScript?,16
can I serialize Android-Class Instances outside an Android App?,254
How keep dropdown bootstrap visible until click back the button,20
image loading issue in angularjs?,10
Error : java.lang.OutOfMemoryError: unable to create new native thread : gemfire,12
ask about browser fingerprinting javascript?,10
How to load a classpath resource to an array of byte?,372
HTTP/1.1&quot; 304 javascript and openstreetmap,12
How to call a url on a specific GCP compute server using Java?,1268
Trying to prevent posting empty value in a textarea using javascript,12
Spring Security - Concurrent request during logout,46
Highcharts add single line to column chart,80
Get child name from Firebase?,12
Access controller scope function in factory angularjs,74
Remove warning on minified js by Google closure compiler,18
Insert body within a body,14
Javascript - Reversing a Modal Animation,20
Hive insertion using java application,12
How correct write unit-tests for Angular 2 for Webpack?,108
convert div into image data using jquery,140
passing an object from javascript to controller through jquery post function (web API),32
Gulp task error &quot;Path must be a string.&quot;,60
Why does BottomSheetDialog turn status bar black?,8
RunLater on current thread or give a task to current thread to run later,78
Reason behind adding HTML Unit Driver in Selenium 3.0.1,0
How to call a MFC Dll from Java?,4
Some classes cannot be found in AOSP when working with android studio,2
Vert.x: simplest server with 1000 rps,522
Merging two json file and using it in autocoplete plugin,16
Add elements dynamically in angularJS,16
npm script defined in package.json throws errors,76
Building JSON url String,12
How to substitute a query parameter in a string url,10
a file addition by an incomplete (file) name,6
jQuery change elementOffset top when scrolling back to top,48
How to deselect a dropdown list click?,22
display leaderboard using javascript tabs,14
How store Timeout object in telegram-node-bot to start and stop timer?,2
Server-side rendering with react routes in rails,14
Dagger2 Named(@Named) Injection with polymorphism or different object,52
I am not able to make div height 100% &amp; scrollable in CSS,18
D3js canvas and line are not visible,710
Make a dialog box in my HTML page by some conditions,0
"divisibleByThreePairSum, I get pair repeats",6
How to match any routes in APP MODULE TS with angular2 rc5?,16
what is polymorphism in Javascript,130
How can I replicate this method to a method without the parameters?,6
onNext not called in RxJava,4
Javascript feedforward validation,84
Supertest with basic authorization,20
error:Attempt to invoke virtual method &#39;java.lang.Object android.content.Context.getSystemService(java.lang.String)&#39; on a null object reference,24
"When a ngForm input becomes disabled, ng-valid is removed, is this correct?",74
"I have implemented pratt and shell gap sequences for shell sort, but when I graph it, shell gap sequence is performing much better than pratt",8
Render html views for multiple clients,26
appengine sees User as additional parameter,362
React-Rails - problems getting started,156
Highcharts NG stockchart animation effect only on navigator Type: column,12
Multiply numbers in string with JS,42
How to set get query parameter name in spring @RestController Servlet?,1376
Show a form filled with Javascript variables in jquery mobile,16
Maven build fails for no reason,208
How to comment jQuery code in partial view?,16
conditional email validation directive,0
Calling Routes from a js angular 1.5.8 file,6
How to configure Camel CXF with Basic authentication,40
Upload images from external URL with blueimp fileupload,6
Highcharts ng heatmap draw line instead of boxes,12
How to bind the session to the User object using jersey,26
How to add metadata to PDF document using PDFbox?,516
debugging multiThreads in intellij: how can i see the all thrown exceptions?,1268
How to recognize the primary text of selected &lt;MenuItem/&gt; in ReactJS Material-UI?,28
Canonot resolve file .... in IntelliJ Idea,2
Understanding asymmetric in jmh,240
how to set custom floating imagebutton in coordinates layout in android,18
Regex finding the last string that doesnt contain a number,808
jquery : how to fill a form sending key to trigger events,416
How to use $watchgroup or $watchCollection on 2 variable out of which one is array?,12
Angular 2 prettify JSON pipe filter,60
How to understand regex &#39;\b&#39;?,16
Modify a class definition&#39;s annotation string parameter at runtime,114
setTimeout not working when used for svg,14
Java SFTP Transfer Library,530
Rest Controller Unit Test,18
Why is Spring @Configuration class inheritance not working as expected?,452
How to get a file name from a directory using php and javascript,24
session php with ajax innerHTML shopping cart&#39;s quantity order,14
jQuery - $(window).scroll(function() not working,14
JS - apply global function to all select boxes,18
Rotate image taken from camera or gallery,24
Service not injected in Angular2,82
Add Show/Hide TinyMCE Feature To &lt;textarea&gt;&lt;/textarea&gt;,18
bouncing is not working in force layout,14
How to skip lines with ItemReader in Spring-Batch?,1376
javascript tabs to display the same info,14
Spring boot: Unit test and Config file,18
Exception occurred while migration grails-2.4.4 to 3.2.0. Process &#39;command &#39;/usr/lib/jvm/java-8-oracle/bin/java&#39;&#39; finished with non-zero exit value 1,12
"To check if List&lt;Map&lt;String, String&gt;&gt; is empty or not",28
How to make an angular js function to change button content more than one time,6
Java create element based on Xpath,14
Associativity and precedence of Java operators in ANTLRv4 grammar,88
Create File from Uri type android,252
Is it possible to set the window resizing background color in JavaFX?,0
How to open a pop-up using JSF without it being blocked by the browser,216
How display this error response from node js in react redux,12
How to expand all nodes in the Variables View in Eclipse?,452
parent attribute of ref element example,38
Java Stream code improvement,14
How to remove event listener of a object with .bind(this)?,56
adding a function in href using JQuery,16
how to enable/disable tab in Javafx?,6
jquery - disable all select boxes?,18
JPA: named query entity as argument,36
Remove grid lines on Google Maps caused by zoom,88
Disable JButton from another class,36
Caching strategy to use for SPA JS/CSS assets,1256
Overriding a form value using jQuery,618
How do I read from my apps private internal storage?,8
How can I create a widget in Odoo 8?,26
is there any hosted solution for benchmarking js projects,260
Incorrect random number output issue in Java (Android Studio),14
Auth0 + AngularJS,6
Passing Node variables from Jade to included html?,34
Regex javascript to only return a value and not full match,10
Where to enter the string in &quot;evaluate simple math expression&quot;,12
How to make tab content size fill the tab,22
com.ximpleware.extended.XMLBuffer.getBytes() always returns null,4
Posting meassages from PC to Slack by using JavaScript,4
"Error (23,17) Failed to resolve junit:junit: 4.12 @ Android Studio v.2",16
Website loaded into JavaFX Webengine,8
React Native: How to reference current route in Navigator&#39;s navigationBar={}?,28
Spring Boot - How to create manually a bean and pass it to a hash map,16
error generating signed CSR with javacard (asn1 bad tag value),12
How to override a field value injected by @Value in Spring?,452
How to write the saveTable function?,320
Add class based on some condition Angular2,22
SQuirreL Configure: could not initial class org.apache.phoenix.jdbc.PhoenixDriver,134
Why can&#39;t I set NODE_ENV to undefined?,164
How to pass a PHP variable in Ajax&#39;s url property instead of real url,8
Load a csv file without having to select the csv manually by the user - maps,2
How to refresh the page with nodejs after click on submit button,6
Delete JavaCard applet through OTA,12
CEFSharp Javascript wait for C# Method execution async,114
go to other page after finish a video in html,14
how to convert xlsx file to csv using java?,4
Specify multiple character ranges for a capture group?,38
Remove elements from array based on filter in angularjs,90
How can I stop multiple spaces from clearing form validation?,4
Spring Security expiredUrl dosen&#39;t work,12
ERROR:java.net.SocketTimeoutException: Read timed out,8
Select first character of input value with Jquery,42
Android use dependency injection for simple custom class,32
Javescript: Delete table row when a link is clicked,6
Android 4 JSON generation bug: Can I use a newer version of the org.JSON library than the bundled one?,1524
XMPP Connection with Smack 4.1 on Android Studio,48
Ajax upload not working codeigniter,12
"MongoClient , MongoDatabase to pojo Fetch data and display",50
Sum without Highest and lower number js,24
How to hide values information on hover while keeping hover events firing?,106
DBpedialookup client,28
Why its undefined value - angularjs,12
Second card in memory wont turn face up,14
Thread race condition just hangs while using PipedOutputStream,1018
angularjs: chain promises returns a promise instead of an object,12
Toggle show only clicked one,12
"A message body writer for Java type, class java.lang.StringBuffer, and MIME media type, application/octet-stream, was not found",76
"Meteor/React, redirect route after changeState",36
Laravel URL Generator With Angular JS Varible,74
react ref.example.value vs. e.target.value,16
"Javascript: Function with same name as variable value exists but receiving typeError, Why?",8
Stripe.js + Node: How can a user save his payment information and charge my Stripe account?,18
svnkit without environment variables?,112
axios: Cannot read property &#39;slice&#39; of null,20
How to handle a PSQLException in java?,20
How do I get the last known location for the first time I execute a service?,22
"In Javascript or ES6, any way to use a string as the variable name?",182
Skycons in react,10
com.approuter.module.http.protocol.HttpConnectionException: Received Http Code:500,8
Javascript - how to animate scrollIntoView,14
Sending value from action to the jsp which is not redirected from the action,24
Update list if condition is met,10
JNA - Map Native Windows Data Types (IN and OUT parameters),8
Gradle&#39;s javadoc goal does not copy files from doc-files,632
Javafx: Must the program start where the application are initiated?,14
Using Viewport units in css leads to layout jerk in chrome browser,40
Deep recursion fails in grails service,8
Downloading all images using Primefaces Java in url,4
Polymerfire: No default bucket found,4
JavaFX TreeView - Selection is changed on collapse,14
Duplicate properties in the Struts ValueStack,42
Dojo Horizontal range slider with 2 input fields,2
dojo: custom ListItem in EdgeToEdgeStoreList,26
erasing webgl drawing with scissor,10
How to console.log in pug?,2160
Jquery keep old value and add new in newline,14
How does Math.random() work like this?,24
Lightgallery.js not working as it should (ajax loaded content),44
Java dictionary implementation efficacy,2
Trying to print a div retaining original css content of the div but button is not clicking,14
How to recursively list all properties exposed by a Java class and its ancestors?,452
How to change color of text and stop when clicked the button with 4 times in javascript,4
Java - How to control if Object exists?,16
How to config different Producer for different topic in spring-integration-kafka 2.1.0.RELEASE and Kafka 0.10.0?,12
Election results data analysis using gui,2
Difference between invokeLater/invokeAndWait and asyncExec/syncExec,500
My app crashes when my phone&#39;s language is set to Persian or Arabic because of Double.parseDouble,18
how to work with drag and drop functionaly in asp.net c# (jquery),4
Leetcode Coin Change DP JAVA java.lang.ArrayIndexOutOfBoundsException,4
jquery Post value to PHP webpage,20
Array storing javascript,12
Javascript/jQuery - Parallax effect on divs containing content,14
Javascript - changing background color opacity with time interval,14
Is it possible to assign @Scheduled with a period representing &quot;never&quot; (in Spring)?,452
Is there a tool that provides on-the-fly code coverage for a Maven project in Eclipse?,452
turning nested subArrays into object key/value pairs inside of an array,8
Simpler way to retrieve Data from firebase,40
Display elements without redundancy in an array,96
How to catch third party console log using log4j,314
Rewriting URL to allow AJAX Requests,12
Attach File Through mailto URI,618
Determine if one of the elements in an array is a string,8
What do I return for an Angular binded property while waiting for $onInit callbacks to complete,24
Update an existing collection in MongoDB using Java-Hadoop connector,84
JQUERY &amp; PHP POST - show 00 in console.log,20
Java escape HTML,210
Generic object comparator field by field,18
Different result with Java TransportClient than REST/CURL,6
